name,type1,type2,type3,lon,lat
天安门,风景名胜,风景名胜,国家级景点,116.397474,39.908696
天安门广场,风景名胜,公园广场,城市广场,116.397724,39.903755
八达岭长城,风景名胜,风景名胜,国家级景点,116.016802,40.356188
颐和园,风景名胜,风景名胜,世界遗产,116.275115,39.999686
玉渊潭公园,风景名胜,风景名胜,国家级景点,116.319907,39.916615
北京动物园,风景名胜,公园广场,动物园,116.336587,39.942136
香山公园,风景名胜,风景名胜,国家级景点,116.189134,39.990225
朝阳公园,风景名胜,风景名胜,国家级景点,116.482583,39.944139
西单大悦城,购物服务,商场,购物中心,116.37298,39.910891
世界公园,风景名胜,风景名胜,国家级景点,116.287665,39.810681
天坛公园,风景名胜,公园广场,公园,116.410829,39.881913
恭王府,风景名胜,风景名胜,国家级景点,116.386294,39.937195
故宫博物院,风景名胜,风景名胜,世界遗产|科教文化服务;博物馆;博物馆,116.397026,39.918058
北海公园,风景名胜,公园广场,公园,116.391746,39.928614
朝阳大悦城,购物服务,商场,购物中心,116.519024,39.924547
中关村广场,风景名胜,公园广场,城市广场,116.315961,39.979893
雍和宫,风景名胜,风景名胜,风景名胜,116.417315,39.947272
什刹海,风景名胜,风景名胜,国家级景点,116.385307,39.941853
王府井步行街,购物服务,特色商业街,步行街,116.411503,39.911607
银座百货,购物服务,商场,购物中心,116.4356147,39.94017931
大观园,风景名胜,风景名胜,省级景点,116.355972,39.871365
中央电视塔,风景名胜,风景名胜,国家级景点|科教文化服务;传媒机构;电视台,116.307157,39.919174
东方新天地,购物服务,商场,购物中心,116.414504,39.909417
大运河森林公园,风景名胜,风景名胜,国家级景点,116.741906,39.875581
北京植物园,风景名胜,公园广场,植物园,116.209714,40.001403
北京十三陵风景区,风景名胜,风景名胜,国家级景点,116.225305,40.258102
北京庄胜广场,风景名胜,公园广场,城市广场,116.375552,39.896381
白云观,风景名胜,风景名胜,寺庙道观,116.343791,39.901247
卢沟桥,风景名胜,风景名胜,国家级景点,116.220896,39.850459
八大处公园,风景名胜,风景名胜,国家级景点,116.182769,39.962236
永定河休闲森林公园,风景名胜,风景名胜,风景名胜,116.177426,39.889438
北京西站南广场,风景名胜,公园广场,城市广场,116.321006,39.893091
中山公园,风景名胜,公园广场,公园,116.394417,39.91069
北京南站南广场,风景名胜,公园广场,城市广场,116.380303,39.863748
南锣鼓巷,风景名胜,风景名胜,风景名胜,116.403187,39.937282
华润·五彩城,购物服务,商场,购物中心,116.334441,40.030202
新世界百货(崇文店),购物服务,商场,购物中心,116.417624,39.897451
地坛公园,风景名胜,公园广场,公园,116.415158,39.953883
北京野生动物园,风景名胜,公园广场,动物园,116.335563,39.496269
华贸购物中心西区,购物服务,商场,购物中心,116.4802349,39.90919054
十三陵-定陵,风景名胜,风景名胜,世界遗产,116.225759,40.294843
紫谷伊甸园,风景名胜,风景名胜相关,旅游景点,116.259814,39.809934
花乡奥莱村,购物服务,商场,购物中心,116.324023,39.827591
万达广场(丰科店),购物服务,商场,购物中心,116.298923,39.824221
北京798艺术区,风景名胜,风景名胜,风景名胜,116.49462,39.985028
世贸天阶,购物服务,商场,购物中心,116.452004,39.91649
南海子公园,风景名胜,公园广场,公园,116.461474,39.778488
八达岭奥特莱斯,购物服务,商场,购物中心,116.169919,40.234525
世纪金源购物中心,购物服务,商场,购物中心,116.288256,39.958583
古北水镇,风景名胜,风景名胜,风景名胜,117.277314,40.654264
来福士,购物服务,商场,购物中心,116.432505,39.940147
天安门广场毛主席纪念堂,风景名胜,风景名胜,纪念馆,116.397765,39.902547
北宫国家森林公园,风景名胜,风景名胜,国家级景点,116.131255,39.872914
慕田峪长城,风景名胜,风景名胜,国家级景点,116.564036,40.43086
西单文化广场(装修中),风景名胜,公园广场,城市广场,116.37526,39.908168
京东石林峡旅游区,风景名胜,风景名胜,国家级景点,117.239808,40.264332
雁栖湖,风景名胜,风景名胜,国家级景点,116.667865,40.391351
龙泉寺,风景名胜,风景名胜,寺庙道观,116.091398,40.103297
五棵松文化体育广场,风景名胜,公园广场,城市广场,116.280794,39.908919
蓝色港湾,购物服务,商场,购物中心,116.475737,39.949342
北京国际雕塑公园,风景名胜,公园广场,公园,116.245015,39.905919
宋庆龄同志故居(装修中),风景名胜,风景名胜,纪念馆,116.38301,39.94552
荟聚购物中心(西红门店),购物服务,商场,购物中心,116.327024,39.787486
中华世纪坛,风景名胜,风景名胜,风景名胜,116.321339,39.910599
敕建大觉禅寺,风景名胜,风景名胜,寺庙道观,116.106012,40.052802
世界花卉大观园,风景名胜,公园广场,植物园,116.352052,39.836133
琉璃厂文化街,购物服务,特色商业街,特色商业街,116.385089,39.895353
永旺国际商城购物中心,购物服务,商场,购物中心,116.289557,40.09629
家乐福(通州店),购物服务,超级市场,家乐福,116.656777,39.889465
家乐福(中关村广场店),购物服务,超级市场,家乐福,116.315246,39.980649
西单商业街,购物服务,特色商业街,特色商业街,116.374071,39.911284
紫竹院公园,风景名胜,公园广场,公园,116.319041,39.942341
景山公园,风景名胜,公园广场,公园,116.396776,39.925847
古崖居遗址,风景名胜,风景名胜,省级景点,115.77548,40.463
北京孔庙,风景名胜,风景名胜,寺庙道观,116.41462,39.946444
国子监,风景名胜,风景名胜,国家级景点,116.413261,39.946787
奥林匹克森林公园南园,风景名胜,公园广场,公园,116.391365,40.016194
永定门公园,风景名胜,风景名胜,风景名胜,116.399129,39.875656
喇叭沟原始森林风景区,风景名胜,风景名胜,风景名胜,116.516762,40.944697
北京王府井银泰in88,购物服务,商场,购物中心,116.411818,39.916173
永定门公园,风景名胜,风景名胜,风景名胜,116.399129,39.875656
喇叭沟原始森林风景区,风景名胜,风景名胜,风景名胜,116.516762,40.944697
北京王府井银泰in88,购物服务,商场,购物中心,116.411818,39.916173
悠唐购物中心,购物服务,商场,购物中心,116.438946,39.921624
欧美汇购物中心,购物服务,商场,购物中心,116.314244,39.979346
基督教堂,风景名胜,风景名胜,教堂,116.307639,39.983258
昌平新城滨河公园,风景名胜,公园广场,公园,116.268591,40.212204
万达广场(北京石景山店),购物服务,商场,购物中心,116.225835,39.906304
龙潭公园,风景名胜,风景名胜,国家级景点,116.438258,39.879792
神堂峪自然风景区,风景名胜,风景名胜,风景名胜,116.614391,40.440567
陶然亭公园,风景名胜,公园广场,公园,116.38197,39.87448
龙庆峡风景区,风景名胜,风景名胜,国家级景点,116.003394,40.551886
燕莎友谊商城,购物服务,商场,购物中心,116.46297,39.948872
七彩云南(月坛北街店),餐饮服务,中餐厅,综合酒楼,116.345358,39.918012
北京石景山游乐园,体育休闲服务,休闲场所,游乐场|风景名胜;风景名胜相关;旅游景点,116.208596,39.912045
三里屯太古里,购物服务,商场,普通商场,116.454406,39.934862
潭柘寺,风景名胜,风景名胜,寺庙道观,116.03061,39.90341
太阳飘亮购物中心,购物服务,商场,购物中心,116.409206,39.997971
红螺寺,风景名胜,风景名胜,国家级景点,116.626045,40.383987
北京燕莎奥特莱斯购物中心B座,购物服务,商场,购物中心,116.48806,39.878248
聚德华天护国寺小吃店,餐饮服务,中餐厅,中餐厅,116.374837,39.935096
大运河森林公园东园,风景名胜,风景名胜,国家级景点,116.745557,39.876036
金海湖,风景名胜,风景名胜,国家级景点,117.328526,40.167146
万科石京龙滑雪场,体育休闲服务,运动场馆,滑雪场|风景名胜;风景名胜相关;旅游景点,115.969777,40.525178
金融街购物中心,购物服务,商场,购物中心,116.361864,39.915561
月坛公园,风景名胜,风景名胜,省级景点,116.352232,39.916422
顺义奥林匹克水上公园,风景名胜,风景名胜,国家级景点,116.690213,40.182488
海底捞火锅(紫竹桥店),餐饮服务,中餐厅,火锅店,116.305096,39.944627
优衣库(三里屯太古里店),购物服务,服装鞋帽皮具店,品牌服装店,116.455018,39.934394
居然之家(十里河店),购物服务,家居建材市场,家具建材综合市场,116.468004,39.859872
西单购物中心,购物服务,商场,购物中心,116.374568,39.911501
海底捞火锅(大钟寺店),餐饮服务,中餐厅,火锅店,116.342066,39.965727
后海公园,风景名胜,公园广场,公园,116.382599,39.942142
十三陵-长陵,风景名胜,风景名胜,世界遗产,116.248818,40.300161
长安商场(装修中),购物服务,商场,购物中心,116.345158,39.907786
同和居(月坛店),餐饮服务,中餐厅,综合酒楼,116.340044,39.914189
胡大饭馆(第三分店),餐饮服务,中餐厅,中餐厅,116.417724,39.940782
妙应寺白塔,风景名胜,风景名胜,寺庙道观,116.363369,39.924844
云柏鞋业(十里堡店),购物服务,服装鞋帽皮具店,服装鞋帽皮具店,116.504053,39.916182
居然之家(北四环店),购物服务,家居建材市场,家具建材综合市场,116.436159,39.990744
北京君太百货,购物服务,商场,购物中心,116.373133,39.909583
苏浙汇(北京朝外店),餐饮服务,中餐厅,上海菜,116.440575,39.927898
百脑汇(北京旗舰店),购物服务,家电电子卖场,家电电子卖场,116.445356,39.924070
昌平新城滨河森林公园,风景名胜,公园广场,公园,116.299628,40.13177
SOHO尚都,购物服务,商场,购物中心,116.451483,39.918905
万达广场(通州店),购物服务,商场,购物中心,116.640429,39.905349
黄村公园(清源路),风景名胜,公园广场,公园,116.335034,39.741861
华堂商场(亚运村店),购物服务,商场,商场,116.420786,39.987989
北京黑龙潭自然风景区,风景名胜,风景名胜,国家级景点,116.794002,40.565302
姜杰钢琴琴城(航天桥店),购物服务,专卖店,专营店,116.310761,39.930353
柴氏风味斋(甘家口店),餐饮服务,中餐厅,清真菜馆,116.331113,39.926583
海底捞火锅(翠微路店),餐饮服务,中餐厅,火锅店,116.303909,39.912524
人间花海,风景名胜,公园广场,公园,117.203562,40.571464
北京奥林匹克森林公园,风景名胜,风景名胜,国家级景点,116.39383,39.999089
北京园博园,风景名胜,风景名胜,风景名胜,116.190959,39.875252
法华寺,风景名胜,风景名胜,寺庙道观,116.424642,39.888066
西单商场(西单北大街店),购物服务,商场,普通商场,116.374428,39.912684
元大都城垣遗址公园,风景名胜,风景名胜相关,旅游景点,116.393659,39.975913
贵友大厦,购物服务,商场,普通商场,116.666515,39.884251
凯德MALL(太阳宫店),购物服务,商场,购物中心,116.447553,39.971317
金鼎轩(亚运村店),餐饮服务,中餐厅,综合酒楼,116.412998,40.002549
居庸关,风景名胜,风景名胜,国家级景点,116.07316,40.291139
人民大会堂宴会厅,餐饮服务,中餐厅,综合酒楼,116.393711,39.904989
石景山雕塑公园,风景名胜,公园广场,公园,116.199824,39.911837
八达岭野生动物世界,风景名胜,公园广场,动物园,115.996858,40.351178
汉光百货,购物服务,商场,普通商场,116.375371,39.909417
八大处公园-灵光寺,风景名胜,风景名胜,寺庙道观,116.183746,39.956292
中华民族园,风景名胜,风景名胜,风景名胜,116.391384,39.98287
簋街,购物服务,特色商业街,特色商业街,116.431460,39.941282
那家小馆(七九八店),餐饮服务,中餐厅,中餐厅,116.493764,39.987669
乐家family,购物服务,商场,购物中心,116.332815,39.799506
枫蓝国际购物中心,购物服务,商场,购物中心,116.356676,39.95304
王府井书店(王府井店),购物服务,专卖店,书店,116.411854,39.910376
方恒购物中心,购物服务,商场,购物中心,116.482517,39.990203
北京市百货大楼,购物服务,商场,购物中心,116.409967,39.91387
三里屯酒吧一条街,购物服务,特色商业街,特色商业街,116.455558,39.934229
Des Link 目的地餐吧,体育休闲服务,娱乐场所,酒吧|餐饮服务;休闲餐饮场所;休闲餐饮场所,116.442958,39.928613
双安商场,购物服务,商场,购物中心,116.325824,39.966342
北京摄影器材城,购物服务,专卖店,摄影器材店,116.27713,39.920694
龙潭公园-龙潭湖,风景名胜,风景名胜相关,旅游景点,116.441747,39.880259
海底捞火锅(红庙店),餐饮服务,中餐厅,火锅店,116.482435,39.916034
国瑞购物中心,购物服务,商场,购物中心,116.419844,39.898257
秀水街,购物服务,综合市场,综合市场,116.449704,39.909471
外婆家(北京apm),餐饮服务,中餐厅,浙江菜,116.411612,39.914964
比如世界购物中心,购物服务,商场,购物中心,116.461877,39.968022
皇城根遗址公园,风景名胜,风景名胜,风景名胜,116.407104,39.912530
日坛公园,风景名胜,公园广场,公园,116.443795,39.915538
文化娱乐广场,风景名胜,公园广场,公园广场,116.501125,39.830351
杨昌济故居-毛泽东故居,风景名胜,风景名胜,纪念馆,116.397300,39.944022
全聚德烤鸭店(前门店),餐饮服务,中餐厅,北京菜,116.398323,39.896653
翠微百货(翠微店),购物服务,商场,普通商场,116.3033027,39.908294
亥四合院,风景名胜,风景名胜,风景名胜,116.370238,39.927936
万寿寺(装修中),风景名胜,风景名胜,寺庙道观,116.311006,39.946189
沪江香满楼,餐饮服务,中餐厅,上海菜,116.426510,39.933321
定慧寺,风景名胜,风景名胜,寺庙道观,116.278767,39.923970
北京国际鲜花港,风景名胜,风景名胜相关,旅游景点,116.796624,40.181581
亦庄创意生活广场,购物服务,商场,购物中心,116.50446,39.810912
北京爱情海玫瑰园,风景名胜,风景名胜,风景名胜,116.436561,39.690234
中华世纪坛公园,风景名胜,公园广场,公园,116.321438,39.912497
乐谷草地音乐公园(暂停营业),风景名胜,公园广场,公园,117.150017,40.079389
沃尔玛(北京知春路分店),购物服务,超级市场,沃尔玛,116.339007,39.975229
王府井小吃街(装修中),购物服务,特色商业街,特色商业街,116.410621,39.911333
潘家园旧货市场,购物服务,综合市场,旧货市场,116.458284,39.875462
太庙,风景名胜,风景名胜,风景名胜,116.399864,39.911617
PAGEONE,购物服务,专卖店,书店,116.397031,39.898115
百荣世贸商城,购物服务,商场,普通商场,116.39841,39.860909
乐游饭店,餐饮服务,中餐厅,火锅店|餐饮服务;中餐厅;特色/地方风味餐厅|住宿服务;宾馆酒店;宾馆酒店,116.460161,39.880054
家乐福(定慧桥店),购物服务,超级市场,家乐福,116.277108,39.928131
华天延吉(西四总店),餐饮服务,外国餐厅,韩国料理,116.373129,39.926687
莲花池公园,风景名胜,公园广场,公园,116.315327,39.893297
京东大峡谷,风景名胜,风景名胜,国家级景点,117.16853,40.245166
平谷世纪广场,风景名胜,公园广场,城市广场,117.107589,40.143803
北京甜水园图书文化港,购物服务,专卖店,书店|科教文化服务;图书馆;图书馆,116.478879,39.928619
德胜门箭楼,风景名胜,风景名胜,风景名胜,116.379502,39.949714
新街口百货,购物服务,商场,商场,116.372411,39.940104
Tomacado花厨(三里屯店),餐饮服务,外国餐厅,西餐厅(综合风味),116.460276,39.928289
纪晓岚故居,风景名胜,风景名胜,纪念馆,116.387195,39.890035
端门,风景名胜,风景名胜,风景名胜,116.397418,39.910427
天宁寺塔,风景名胜,风景名胜,寺庙道观,116.345938,39.895046
四季民福烤鸭店(故宫店),餐饮服务,中餐厅,北京菜,116.402891,39.914590
北京植物园-碉楼,风景名胜,风景名胜,世界遗产,116.213120,40.002720
法源寺,风景名胜,风景名胜,寺庙道观,116.370026,39.885299
天坛公园-祈年殿,风景名胜,风景名胜,风景名胜,116.412949,39.883362
协和医院住宅群,商务住宅,住宅区,宿舍|风景名胜;风景名胜;风景名胜,116.420575,39.910232
双流老妈兔头(双井店),餐饮服务,中餐厅,中餐厅,116.461947,39.890285
尚街购物中心,购物服务,商场,普通商场,116.517247,39.917018
团结湖公园,风景名胜,公园广场,公园,116.464372,39.92575
百花人家(门城水岸店),餐饮服务,中餐厅,中餐厅,116.117453,39.942342
国华商场,购物服务,商场,普通商场,116.363903,39.898964
卧佛寺,风景名胜,风景名胜,寺庙道观,116.207260,40.008041
北京西山国家森林公园,风景名胜,风景名胜,省级景点,116.194722,39.976561
清华园(二校门),风景名胜,风景名胜,风景名胜,116.324387,40.001255
中关村科贸电子城,购物服务,家电电子卖场,数码电子,116.317569,39.983374
大董烤鸭店(工体店),餐饮服务,中餐厅,特色/地方风味餐厅,116.449470,39.931924
罗兰湖餐厅,餐饮服务,外国餐厅,韩国料理,116.479284,39.973905
家乐福(方庄店),购物服务,超级市场,家乐福,116.432487,39.866392
十三陵-昭陵,风景名胜,风景名胜,世界遗产,116.217839,40.291249
中发百旺商城,购物服务,商场,普通商场,116.276722,40.029156
京华九门小吃,餐饮服务,中餐厅,中餐厅,116.382013,39.946035
常营清真古寺,风景名胜,风景名胜,回教寺,116.587294,39.925603
鲁迅故居,风景名胜,风景名胜,纪念馆,116.358730,39.925804
上品折扣(五棵松店),购物服务,商场,普通商场,116.2802295,39.90067003
望京华彩商业中心,购物服务,商场,购物中心,116.468883,40.010824
十三陵-定陵地下宫殿,风景名胜,风景名胜,世界遗产,116.223516,40.29588
延寿寺,风景名胜,风景名胜,寺庙道观,116.330668,40.371081
北海公园-白塔,风景名胜,风景名胜,风景名胜,116.389312,39.925815
中关村广场步行街,购物服务,特色商业街,步行街|购物服务;商场;商场,116.314959,39.980188
老舍茶馆(前门店),餐饮服务,茶艺馆,茶艺馆,116.393386,39.899782
三里屯太古里南区,购物服务,商场,普通商场,116.454406,39.934862
天主教北京总教区王府井天主堂东堂,风景名胜,风景名胜,教堂,116.412069,39.917284
海淀公园,风景名胜,公园广场,公园,116.295215,39.987007
金源新燕莎Mall,购物服务,商场,购物中心,116.289085,39.95868951
八达岭国家森林公园,风景名胜,风景名胜,省级景点,116.029451,40.34431
翠微百货(牡丹园店),购物服务,商场,普通商场,116.367258,39.977312
北京张裕爱斐堡国际酒庄,风景名胜,风景名胜,国家级景点,116.900855,40.376438
天主堂,风景名胜,风景名胜,教堂,116.407049,40.067697
天主堂,风景名胜,风景名胜,教堂,116.357654,40.067599
元古(箭厂店),餐饮服务,甜品店,甜品店|购物服务;购物相关场所;购物相关场所,116.411732,39.947106
北京四道口水产批发市场,购物服务,综合市场,水产海鲜市场,116.344954,39.962549
大佛寺,风景名胜,风景名胜,寺庙道观,116.385072,40.064527
法雅体育(皂君庙店),购物服务,商场,普通商场,116.335892,39.959031
京开畅坤五金建材,购物服务,家居建材市场,建材五金市场,116.342933,39.669261
京兆尹(雍和宫店),餐饮服务,中餐厅,中式素菜馆,116.416317,39.948001
银泰百货(大红门店),购物服务,商场,普通商场,116.385447,39.844532
西红门清真寺,风景名胜,风景名胜,回教寺,116.341621,39.791154
华宇时尚购物中心,购物服务,商场,购物中心,116.323482,39.965355
西部马华牛肉面(五道口店),餐饮服务,中餐厅,清真菜馆,116.352202,39.993088
西单商场(万方店),购物服务,商场,普通商场,116.341064,39.913563
清真寺,风景名胜,风景名胜,回教寺,116.461583,39.823165
玫瑰花园自助烤肉(金源店),餐饮服务,外国餐厅,韩国料理,116.288031,39.960288
蟒山国家森林公园,风景名胜,风景名胜,省级景点,116.293542,40.26432
锦绣餐厅(阜荣街),餐饮服务,外国餐厅,西餐厅(综合风味),116.481179,39.989880
中国人民抗日战争纪念馆,风景名胜,风景名胜,纪念馆,116.22593,39.851813
川骄海鲜自助(万豪店),餐饮服务,中餐厅,海鲜酒楼,116.434310,39.904309
周口店遗址,风景名胜,风景名胜,世界遗产,115.928439,39.68808
云居寺,风景名胜,风景名胜,寺庙道观,115.774095,39.609241
窑洼湖公园,风景名胜,公园广场,公园|风景名胜;风景名胜;风景名胜,116.484149,39.882306
运河公园,风景名胜,公园广场,公园,116.687587,39.908647
利群烤鸭店(前门店),餐饮服务,中餐厅,特色/地方风味餐厅,116.406201,39.898419
十三陵水库,风景名胜,风景名胜,风景名胜,116.251740,40.264679
巴依老爷新疆美食(清华东门店),餐饮服务,中餐厅,清真菜馆,116.335565,39.997133
大中电器(中央电视塔店),购物服务,家电电子卖场,大中,116.308468,39.919360
盒马鲜生(小营店),购物服务,超级市场,超市,116.349056,40.043446
观音古寺,风景名胜,风景名胜,寺庙道观,116.669004,39.888586
香木香羊(小汤山店),餐饮服务,中餐厅,中餐厅,116.394466,40.132636
火车头广场,风景名胜,公园广场,城市广场,116.497237,39.984082
房山十渡风景名胜区,风景名胜,风景名胜,省级景点,115.599755,39.638269
海底捞火锅(大屯北路店),餐饮服务,中餐厅,火锅店,116.412728,40.006152
家乐福(大钟寺店),购物服务,超级市场,家乐福,116.342469,39.966411
赛特购物中心,购物服务,商场,购物中心,116.441667,39.907636
大钟寺中坤广场,购物服务,商场,购物中心,116.341806,39.966257
王家渡火锅(奥运村店),餐饮服务,中餐厅,火锅店,116.400841,40.004408
悠航鲜啤(三里屯店),餐饮服务,中餐厅,中餐厅,116.455649,39.930973
颐和,风景名胜,风景名胜,风景名胜,116.422672,39.928231
1點點(建外SOHO店),餐饮服务,餐饮相关场所,餐饮相关,116.458238,39.905520
东单公园,风景名胜,公园广场,公园,116.417106,39.904896
休闲园-娱乐园,风景名胜,公园广场,公园,116.288165,39.928663
莲石湖湿地公园,风景名胜,公园广场,公园,116.151178,39.904345
百荣世贸商城A座,购物服务,商场,购物中心,116.3988615,39.8598074
中粮·祥云小镇北区,购物服务,商场,购物中心,116.536659,40.089611
八达岭滑雪场,体育休闲服务,运动场馆,滑雪场|风景名胜;风景名胜相关;旅游景点,115.957836,40.34703
北京古观象台,风景名胜,风景名胜,风景名胜,116.434321,39.907102
当代商城,购物服务,商场,购物中心,116.320883,39.970543
四季民福烤鸭店(东四十条店),餐饮服务,中餐厅,特色/地方风味餐厅,116.430109,39.933972
玉泉山,风景名胜,风景名胜,风景名胜,116.247491,39.994177
沃尔玛(北京建国路店),购物服务,超级市场,沃尔玛,116.472557,39.909345
中山公园-社稷坛,风景名胜,风景名胜,风景名胜,116.394841,39.911168
京深海鲜市场(光彩路),购物服务,综合市场,水产海鲜市场,116.416789,39.841746
胡大饭馆(簋街总店),餐饮服务,中餐厅,四川菜(川菜),116.419431,39.941160
百花山自然风景区,风景名胜,风景名胜,风景名胜,115.574133,39.823536
永宁古城墙遗址,风景名胜,风景名胜,风景名胜,116.169281,40.529636
龙泉,风景名胜,风景名胜,风景名胜,116.529776,40.947620
海底捞火锅(通州华联店),餐饮服务,中餐厅,火锅店,116.635982,39.904003
北京新发地农产品批发市场,购物服务,综合市场,农副产品市场,116.341474,39.811444
盛百味(霍营店),餐饮服务,中餐厅,中餐厅,116.358504,40.081491
三源里菜市场,购物服务,综合市场,蔬菜市场,116.456952,39.951197
大董烤鸭店(王府井店),餐饮服务,中餐厅,特色/地方风味餐厅,116.410882,39.910352
大鸭梨烤鸭(六里桥店),餐饮服务,中餐厅,特色/地方风味餐厅,116.320561,39.874649
Tomacado花厨(王府中环),餐饮服务,外国餐厅,西餐厅(综合风味),116.409691,39.912293
大中电器(团结湖店),购物服务,家电电子卖场,大中,116.466582,39.923615
北京湖广会馆,风景名胜,风景名胜,风景名胜,116.384034,39.888904
日昌餐馆(地安门总店),餐饮服务,中餐厅,广东菜(粤菜),116.394089,39.933245
全聚德烤鸭店(方庄店),餐饮服务,中餐厅,北京菜,116.431470,39.865517
花开素食(东直门店),餐饮服务,中餐厅,中式素菜馆,116.426119,39.940750
娘娘庙,风景名胜,风景名胜,寺庙道观,116.127732,39.853797
昌平公园,风景名胜,公园广场,公园,116.23707,40.217969
北京图书大厦,购物服务,专卖店,书店,116.377091,39.90789
圣泉寺,风景名胜,风景名胜,寺庙道观,116.581796,40.365506
知春路水站,购物服务,专卖店,专营店,116.345489,39.973038
亚运村全民健身园,风景名胜,公园广场,公园,116.412210,39.992282
沃尔玛(朝阳店),购物服务,超级市场,沃尔玛,116.444456,39.923003
革命烈士纪念碑,风景名胜,风景名胜,纪念馆,116.559566,39.763682
大鸭梨烤鸭(右安门店),餐饮服务,中餐厅,特色/地方风味餐厅,116.369421,39.866689
南馆公园,风景名胜,公园广场,公园,116.427852,39.943592
北京富力广场,购物服务,商场,购物中心,116.460629,39.895483
十渡高山漂流玻璃栈道,风景名胜,风景名胜,风景名胜,115.584791,39.636638
创新文化广场,风景名胜,公园广场,城市广场,116.323009,39.987259
黑龙潭(装修中),风景名胜,风景名胜,风景名胜,116.198053,40.041613
华贸购物中心东区,购物服务,商场,购物中心,116.481555,39.909230
东岳庙,风景名胜,风景名胜,寺庙道观,116.443955,39.92495
聚点串吧(簋街店),餐饮服务,中餐厅,特色/地方风味餐厅|餐饮服务;中餐厅;火锅店,116.421506,39.940818
仿膳饭庄(天安门店),餐饮服务,中餐厅,特色/地方风味餐厅,116.400006,39.902821
眉州东坡酒楼(通州店),餐饮服务,中餐厅,四川菜(川菜),116.664990,39.906493
印象湖北鱼米之乡,餐饮服务,中餐厅,湖北菜(鄂菜),116.647993,39.887948
真武庙,风景名胜,风景名胜,寺庙道观,116.342731,40.066378
稻香村(12号门店),餐饮服务,糕饼店,糕饼店,116.425707,39.998614
会城门公园,风景名胜,公园广场,公园,116.333266,39.90106
官园公园,风景名胜,公园广场,公园,116.360953,39.935607
请晋·乔家大院(建外大街店),餐饮服务,中餐厅,综合酒楼,116.443325,39.905567
温泉公园,风景名胜,公园广场,公园,116.181804,40.049301
华联商厦(石景山店)(暂停营业),购物服务,商场,购物中心,116.219884,39.90638
草莓博览园,风景名胜,风景名胜,风景名胜,116.406285,40.20199
唐宫海鲜舫(新世纪店),餐饮服务,中餐厅,广东菜(粤菜),116.327793,39.937479
天坛公园-回音壁,风景名胜,风景名胜,风景名胜,116.413074,39.878072
北京马连道茶城,购物服务,专卖店,专营店,116.325709,39.883779
灵山名胜风景区(暂停营业),风景名胜,风景名胜,风景名胜,115.494375,40.016715
上品折扣(草桥店),购物服务,商场,普通商场,116.358376,39.850994
上品折扣(回龙观店),购物服务,商场,普通商场,116.335194,40.079138
百望山森林公园,风景名胜,风景名胜,省级景点,116.255631,40.029982
眉州东坡酒楼(恋日店),餐饮服务,中餐厅,四川菜(川菜),116.357839,39.846236
福丽特玩家邮币卡市场,购物服务,专卖店,古玩字画店,116.385318,39.967339
万子营清真古寺,风景名胜,风景名胜,回教寺,116.593829,39.865418
天通艺园,风景名胜,公园广场,公园,116.434663,40.070709
北京朝来森林公园,风景名胜,风景名胜,风景名胜,116.454153,40.03101
十里河家居建材商业街,购物服务,特色商业街,特色商业街,116.466334,39.861996
十三陵-献陵,风景名胜,风景名胜,世界遗产,116.243594,40.306986
勑赐广化寺,风景名胜,风景名胜,寺庙道观,116.390893,39.941355
猫小院(北锣店),餐饮服务,咖啡厅,咖啡厅|餐饮服务;中餐厅;中餐厅,116.403672,39.943253
内蒙古饭店(传媒大学店),住宿服务,宾馆酒店,宾馆酒店|餐饮服务;中餐厅;中餐厅,116.550284,39.909662
海底捞火锅(王府井店)(装修中),餐饮服务,中餐厅,火锅店,116.411835,39.916047
宜家家居(四元桥店),购物服务,家居建材市场,家具城,116.463516,39.977697
密虹公园-鼓楼(果园北街),风景名胜,风景名胜,风景名胜,116.835201,40.374484
龙湖北京长楹天街,购物服务,特色商业街,特色商业街,116.599595,39.924513
唐宫海鲜舫(新侨店),餐饮服务,中餐厅,海鲜酒楼,116.416845,39.901684
红蕃茄(北京阜成路店),餐饮服务,中餐厅,湖北菜(鄂菜),116.298504,39.925166
嘉年华巴西烤肉,餐饮服务,中餐厅,特色/地方风味餐厅,116.325612,39.973755
九亿(鲁谷店),餐饮服务,中餐厅,中餐厅,116.215914,39.899486
北京渔阳国际滑雪场(暂停营业),体育休闲服务,运动场馆,滑雪场|风景名胜;风景名胜;国家级景点,117.147362,40.079478
什刹海-望海楼,风景名胜,风景名胜,风景名胜,116.386366,39.943088
人民公园,风景名胜,公园广场,公园,117.107698,40.141219
活力东方购物广场,购物服务,商场,购物中心,116.522145,39.940529
华联商厦(阜成门店),购物服务,商场,购物中心,116.354273,39.924373
北京鹫峰国家森林公园,风景名胜,风景名胜,省级景点,116.085213,40.056718
街心公园,风景名胜,公园广场,公园,116.338711,39.729027
白家大院,餐饮服务,中餐厅,中餐厅,116.304749,39.979724
静安寺(装修中),风景名胜,风景名胜,寺庙道观,116.671417,39.910460
柳沟民俗旅游度假区,风景名胜,风景名胜,风景名胜,116.09735,40.446727
十里河天娇文化城,购物服务,特色商业街,特色商业街,116.457246,39.862145
西海子西园,餐饮服务,中餐厅,中餐厅,116.674020,39.887943
紫光园特色小吃,餐饮服务,中餐厅,清真菜馆,116.308310,39.851090
广济寺,风景名胜,风景名胜,寺庙道观,116.372308,39.924856
九头鸟(航天桥店),餐饮服务,中餐厅,湖北菜(鄂菜),116.307757,39.923506
丽都广场,购物服务,商场,购物中心,116.478471,39.977187
莆田(王府中环东座),餐饮服务,中餐厅,福建菜,116.409721,39.912339
湘水之珠(德胜门店),餐饮服务,中餐厅,湖南菜(湘菜),116.393050,39.951359
北京赛特奥莱,购物服务,商场,购物中心,116.505213,40.035481
星城商厦,购物服务,商场,普通商场,116.338991,39.730491
西山公园,风景名胜,公园广场,公园,116.239418,39.947117
北店时代广场,购物服务,商场,购物中心,116.336149,40.080366
食家鸽园,餐饮服务,中餐厅,中餐厅,116.210655,40.239789
长城公园,风景名胜,公园广场,公园,116.851101,40.402917
日昌餐馆(五道口店),餐饮服务,中餐厅,广东菜(粤菜),116.338598,39.993240
烤肉季(后海店),餐饮服务,中餐厅,特色/地方风味餐厅,116.394039,39.939160
念坛公园,风景名胜,公园广场,公园,116.313045,39.705371
独音唱片,购物服务,专卖店,音像店,116.407108,39.940706
崇文区人口文化园,风景名胜,公园广场,公园,116.401113,39.870598
千灵山,风景名胜,风景名胜,风景名胜,116.08558,39.860849
伊豆野菜村(金地中心店),餐饮服务,外国餐厅,日本料理,116.475251,39.909165
丽都花园,风景名胜,公园广场,公园,116.479493,39.974851
平谷桃花海,风景名胜,风景名胜,风景名胜,117.170768,40.254788
十三陵-永陵,风景名胜,风景名胜,世界遗产,116.256738,40.289742
丰联广场,购物服务,商场,普通商场,116.438316,39.923635
唐人街购物广场,购物服务,商场,购物中心,116.390649,39.981197
中关村公园,风景名胜,公园广场,公园广场,116.283458,40.060895
三样菜(阜成路店),餐饮服务,中餐厅,四川菜(川菜),116.280145,39.924784
大明眼镜(王府井旗舰店),购物服务,专卖店,眼镜店,116.411067,39.910033
海底捞火锅(万丰桥店),餐饮服务,中餐厅,火锅店,116.297260,39.865862
大鸭梨烤鸭(回龙观店),餐饮服务,中餐厅,特色/地方风味餐厅,116.334134,40.074029
凯德MALL(望京店),购物服务,商场,购物中心,116.468697,39.992962
天厨妙香素食(清华店),餐饮服务,中餐厅,中式素菜馆,116.329183,39.995194
小吊梨汤(新奥购物中心),餐饮服务,中餐厅,北京菜,116.394273,39.999918
什刹海-云起,风景名胜,风景名胜,风景名胜,116.387252,39.942377
金手勺百姓生活菜馆,餐饮服务,中餐厅,东北菜,116.818617,40.365051
苏宁易购(新华东街店),购物服务,家电电子卖场,苏宁,116.670309,39.908389
外婆家(荟聚购物中心),餐饮服务,中餐厅,浙江菜,116.325887,39.788932
回龙观体育公园(建设中),风景名胜,公园广场,公园,116.341989,40.077885
明珠广场,风景名胜,公园广场,城市广场,116.349403,39.78909
新发地市场精品水果交易区,购物服务,综合市场,果品市场,116.341312,39.810719
西贝莜面村(六里桥店),餐饮服务,中餐厅,西北菜,116.304439,39.882466
紫光园(亦庄店),餐饮服务,中餐厅,中餐厅,116.546787,39.818401
夜上海(长安大戏院店),餐饮服务,中餐厅,上海菜,116.430297,39.909538
岳各庄批发市场(西四环中路辅路),购物服务,综合市场,综合市场,116.281226,39.878188
乐多港假日广场,购物服务,商场,购物中心,116.190049,40.232701
花果山景区,风景名胜,风景名胜,风景名胜,115.615553,39.643001
元大都城垣遗址,风景名胜,风景名胜,风景名胜,116.354189,39.962988
双秀公园,风景名胜,公园广场,公园,116.374793,39.966283
白云驿站,购物服务,花鸟鱼虫市场,花卉市场,116.346714,39.901129
和彩放题(渔阳店),餐饮服务,外国餐厅,日本料理,116.447810,39.945837
十三陵-景陵,风景名胜,风景名胜,世界遗产,116.257565,40.300011
北京奥林匹克公园-奥林匹克森林公园,风景名胜,风景名胜,国家级景点|购物服务;便民商店/便利店;便民商店/便利店,116.390393,40.018974
历代帝王庙(装修中),风景名胜,风景名胜,寺庙道观,116.367443,39.924802
夕照寺,风景名胜,风景名胜,寺庙道观,116.439444,39.889729
南大红门建材批发城(京福路),购物服务,家居建材市场,建材五金市场,116.479108,39.71306
银锭桥,风景名胜,风景名胜,风景名胜,116.393619,39.938976
望京1号,餐饮服务,中餐厅,四川菜(川菜),116.500131,40.002891
北农市场,购物服务,综合市场,农副产品市场,116.321199,40.094628
丰台花园,风景名胜,公园广场,公园,116.287817,39.864526
朝来春花卉市场,购物服务,花鸟鱼虫市场,花卉市场,116.442661,40.031570
北京宴(总店),餐饮服务,中餐厅,综合酒楼,116.285446,39.889897
比格比萨(望承公园店),餐饮服务,快餐厅,快餐厅,116.451264,39.995576
百合素食(草园胡同店),餐饮服务,中餐厅,中式素菜馆,116.424173,39.942611
智化寺,风景名胜,风景名胜,寺庙道观,116.432331,39.917492
凯德晶品购物中心,购物服务,商场,购物中心,116.29743,39.908254
火烧云,餐饮服务,中餐厅,云贵菜,116.462879,39.921089
太阳宫公园,风景名胜,公园广场,公园,116.45541,39.975502
盒马鲜生(大成店),购物服务,超级市场,超市,116.265196,39.889015
天门山风景区,风景名胜,风景名胜,风景名胜,116.787718,40.591651
苏宁易购(望京店),购物服务,家电电子卖场,苏宁,116.468156,40.006381
百安居(双井店),购物服务,家居建材市场,家具建材综合市场,116.474709,39.893748
十三陵-茂陵,风景名胜,风景名胜,世界遗产,116.232572,40.315823
国泰百货(天通苑店),购物服务,商场,普通商场,116.435655,40.073176
五道口购物中心,购物服务,商场,购物中心,116.339083,39.992028
百里山水画廊,风景名胜,风景名胜,国家级景点,116.322195,40.685373
万国城MOMA商业中心,购物服务,商场,购物中心,116.438938,39.947695
金融街购物中心2期,购物服务,商场,购物中心,116.360439,39.915888
翠微大厦,购物服务,商场,购物中心,116.303255,39.908331
北京大红门服装商贸城,购物服务,服装鞋帽皮具店,服装鞋帽皮具店,116.398874,39.848144
猫小院之猫镇(南锣旗舰店),餐饮服务,外国餐厅,西餐厅(综合风味)|餐饮服务;冷饮店;冷饮店,116.403430,39.939075
九头鸟(上地店),餐饮服务,中餐厅,湖北菜(鄂菜)|餐饮服务;中餐厅;综合酒楼,116.302059,40.043653
柏林寺,风景名胜,风景名胜,寺庙道观,116.419861,39.946286
顺义公园,风景名胜,公园广场,公园,116.662209,40.120988
红领巾公园,风景名胜,公园广场,公园,116.490857,39.92591
万丰公园,风景名胜,公园广场,公园,116.291919,39.883235
紫光园特色小吃(马桥店),餐饮服务,中餐厅,清真菜馆,116.556221,39.753408
燕郊烧鸽子(和众店),餐饮服务,中餐厅,东北菜,116.490944,39.883624
淮扬府(安定门店),餐饮服务,中餐厅,江苏菜,116.408559,39.953919
北京牛街礼拜寺,风景名胜,风景名胜,回教寺,116.364651,39.885694
迎宾馆,风景名胜,风景名胜,风景名胜,116.421479,39.912932
嘉和一品粥(嘉园路店),餐饮服务,中餐厅,特色/地方风味餐厅,116.367297,39.845668
澳门中心,购物服务,商场,购物中心,116.41333,39.914813
窦店清真寺,风景名胜,风景名胜,回教寺,116.065862,39.638098
簋街龙虾(通乐总店),餐饮服务,中餐厅,海鲜酒楼,116.429067,39.940661
苏宁易购手机维修中心(通州西门店),购物服务,家电电子卖场,家电电子卖场|生活服务;生活服务场所;生活服务场所,116.644985,39.907157
怀柔商业街,购物服务,特色商业街,特色商业街,116.636897,40.315081
万芳亭公园,风景名胜,公园广场,公园,116.376087,39.858595
徽州小镇(惠新东街店),餐饮服务,中餐厅,安徽菜(徽菜),116.422620,39.976911
华润万家(酒仙桥店),购物服务,超级市场,华润,116.490381,39.985056
眉州东坡酒楼(国奥村店),餐饮服务,中餐厅,四川菜(川菜),116.381372,40.008497
四季民福烤鸭店(工体店),餐饮服务,中餐厅,北京菜,116.449217,39.928949
铁壁银山,风景名胜,风景名胜,国家级景点,116.327917,40.319823
牛街聚宝源涮肉(望京店),餐饮服务,中餐厅,清真菜馆,116.470371,40.005366
徽州小镇(鼓楼大街店),餐饮服务,中餐厅,安徽菜(徽菜),116.396994,39.951891
玉林烤鸭店(康庄分店),餐饮服务,中餐厅,特色/地方风味餐厅,116.314208,39.755122
禾记港式茶餐厅,餐饮服务,快餐厅,茶餐厅,116.558339,40.063996
小堡文化广场,风景名胜,公园广场,城市广场,116.722363,39.949074
旺顺阁海鲜广场(亚运村店),餐饮服务,中餐厅,海鲜酒楼,116.417967,40.000615
小木屋,餐饮服务,咖啡厅,咖啡厅,116.658159,40.136458
人定湖公园,风景名胜,公园广场,公园,116.385492,39.957583
比利时使馆旧址,风景名胜,风景名胜,纪念馆,116.412434,39.901866
紫光园(天通苑店),餐饮服务,餐饮相关场所,餐饮相关,116.436254,40.072376
汉石桥湿地自然保护区,风景名胜,风景名胜,风景名胜,116.808601,40.123386
百花园,风景名胜,公园广场,公园,116.424622,39.966542
国际企业文化园清水湖,风景名胜,风景名胜,风景名胜,116.498738,39.813518
方太生活家北京体验馆,购物服务,家居建材市场,厨卫市场,116.443698,39.937569
海底捞火锅(万科时代中心店)(暂停营业),餐饮服务,中餐厅,火锅店,116.484396,39.989924
曲园酒楼,餐饮服务,中餐厅,综合酒楼|餐饮服务;中餐厅;湖南菜(湘菜),116.344839,39.924083
牛街满恒记,餐饮服务,中餐厅,火锅店,116.367750,39.932102
金顶妙峰山,风景名胜,风景名胜,省级景点,116.026452,40.06355
世纪森林公园,风景名胜,公园广场,公园,116.244977,39.824508
大中电器(大山子店),购物服务,家电电子卖场,大中,116.490129,39.987124
嘉和一品(甘家口店),餐饮服务,中餐厅,中餐厅,116.334494,39.928460
眉州东坡酒楼(亦庄店),餐饮服务,中餐厅,四川菜(川菜),116.510959,39.797129
万龙洲海鲜大酒楼(亚运村店),餐饮服务,中餐厅,海鲜酒楼,116.413209,39.989123
天主教北京总教区南岗子天主堂,风景名胜,风景名胜,教堂,116.427727,39.889256
簋街之店,购物服务,便民商店/便利店,便民商店/便利店,116.423654,39.940830
望京公园,风景名胜,公园广场,公园,116.498855,39.994772
安诚居干锅鸭头(八角店),餐饮服务,中餐厅,火锅店,116.201522,39.910572
戒台寺,风景名胜,风景名胜,寺庙道观,116.086496,39.870708
北京市朝阳区四得公园,风景名胜,公园广场,公园,116.47488,39.972136
玉渡山风景区-应梦寺,风景名胜,风景名胜,寺庙道观,115.937910,40.531488
青年湖公园,风景名胜,公园广场,公园,116.403153,39.954271
唐宫海鲜舫(丽都店),餐饮服务,中餐厅,广东菜(粤菜),116.478890,39.978364
凯德MALL(西直门店),购物服务,商场,购物中心,116.352829,39.941549
金马公园,风景名胜,公园广场,公园广场,116.582102,39.758821
卢沟晓月,风景名胜,风景名胜,风景名胜,116.220197,39.851348
太熟悉家常菜(右安门店),餐饮服务,中餐厅,北京菜,116.364752,39.867018
欧陆时尚购物中心,购物服务,商场,购物中心,116.547538,40.066885
翠微广场,购物服务,商场,购物中心,116.305421,39.908289
国际名酒城,购物服务,专卖店,烟酒专卖店,116.333902,39.802578
青龙湖旅游度假区,风景名胜,风景名胜,省级景点,116.710539,40.44746
川浙会(上地店),餐饮服务,中餐厅,浙江菜,116.311512,40.030588
法海寺森林公园法海寺,风景名胜,风景名胜,寺庙道观,116.159625,39.941191
万意百货(回龙观店),购物服务,商场,普通商场,116.334735,40.080019
四合院(国祥胡同),风景名胜,风景名胜,风景名胜,116.398978,39.946524
辣婆婆(元大都店),餐饮服务,中餐厅,四川菜(川菜),116.362947,39.976361
爆肚冯(前门店),餐饮服务,中餐厅,中餐厅,116.396016,39.897013
新中国儿童用品商店(王府井大街),购物服务,专卖店,儿童用品店,116.411561,39.913192
温野菜日式火锅(东直门店),餐饮服务,外国餐厅,日本料理,116.438832,39.940360
海底捞火锅(方庄店),餐饮服务,中餐厅,火锅店,116.427692,39.865537
徽商故里(朝内店),餐饮服务,中餐厅,安徽菜(徽菜),116.426569,39.923521
丹江渔村(四季青店),餐饮服务,中餐厅,海鲜酒楼,116.256741,39.937768
天坛公园-月季园,风景名胜,公园广场,植物园,116.409587,39.882304
盛百味(回龙观店),餐饮服务,中餐厅,特色/地方风味餐厅,116.321312,40.082189
胡·桃·里,餐饮服务,休闲餐饮场所,休闲餐饮场所,116.481555,39.974309
好伦哥(劲松店),餐饮服务,快餐厅,快餐厅,116.456297,39.881829
新奥购物中心,购物服务,商场,购物中心,116.394179,40.000042
世界城商业街,购物服务,特色商业街,特色商业街,116.452235,39.917862
天桥百货商场,购物服务,商场,普通商场,116.397949,39.880598
鹿世界主题公园,风景名胜,公园广场,公园,116.701947,40.294923
羲和雅居,餐饮服务,中餐厅,广东菜(粤菜),116.446425,39.916974
李小老烧饼(常营民族家园店),餐饮服务,餐饮相关场所,餐饮相关,116.587218,39.926054
第一楼(东四北大街店),餐饮服务,中餐厅,中餐厅,116.417395,39.930757
方庄体育公园,风景名胜,公园广场,公园,116.428484,39.867142
韩时烤肉(中粮·万科半岛广场),餐饮服务,外国餐厅,韩国料理,116.211074,39.753065
茶缘茶城,购物服务,综合市场,农副产品市场,116.326915,39.87573
牛街清真超市,购物服务,超级市场,超市,116.363311,39.887056
北京利苑酒家(中环世贸店),餐饮服务,中餐厅,广东菜(粤菜),116.456469,39.907023
蓝岛大厦西区,购物服务,商场,普通商场,116.447455,39.922568
金鼎轩(地坛店),餐饮服务,中餐厅,综合酒楼,116.415956,39.950920
老舍故居(装修中),风景名胜,风景名胜,纪念馆,116.40836,39.918626
有璟阁港式餐厅(华贸店),餐饮服务,中餐厅,广东菜(粤菜),116.478831,39.911146
哈根达斯(顺义祥云店),餐饮服务,冷饮店,冷饮店,116.536142,40.089437
炸酱面家常菜,餐饮服务,中餐厅,北京菜,116.393332,39.895073
太熟悉家常菜(惠新店),餐饮服务,中餐厅,中餐厅,116.424217,39.977967
藏红花(东城店),餐饮服务,外国餐厅,西餐厅(综合风味),116.411939,39.948365
可园,风景名胜,风景名胜,风景名胜,116.401898,39.936513
麻辣诱惑(VIVA北京富力广场),餐饮服务,中餐厅,四川菜(川菜),116.460390,39.896147
大三元(景山店)(暂停营业),餐饮服务,餐饮相关场所,餐饮相关,116.394017,39.923429
樱桃沟,风景名胜,公园广场,植物园,116.20211,40.010501
聚宝源涮肉(牛街西里店),餐饮服务,中餐厅,清真菜馆,116.363314,39.886719
柳荫公园,风景名胜,公园广场,公园,116.402084,39.960863
天雅珠宝城,购物服务,专卖店,珠宝首饰工艺品,116.421202,39.886742
迪卡侬(来广营店),购物服务,体育用品店,户外用品,116.464039,40.016481
江湖酒吧,体育休闲服务,娱乐场所,酒吧|餐饮服务;餐饮相关场所;餐饮相关,116.407830,39.935769
清真寺,风景名胜,风景名胜,回教寺,116.551742,39.765330
东山贡梨园-许愿树,风景名胜,风景名胜,风景名胜,116.141571,40.011259
纪家庙便民超市,购物服务,购物相关场所,购物相关场所,116.325945,39.84544
内联升(双井店),购物服务,服装鞋帽皮具店,品牌鞋店,116.452275,39.897105
精品公园,风景名胜,公园广场,公园,116.356935,39.919781
丰泽园(总店),餐饮服务,中餐厅,山东菜(鲁菜),116.394670,39.890824
什刹海-汇通祠,风景名胜,风景名胜,寺庙道观,116.374257,39.948045
泰莲庭,餐饮服务,外国餐厅,泰国/越南菜品餐厅,116.589812,40.429891
小米之家(昌平永旺店),购物服务,家电电子卖场,数码电子,116.289314,40.097524
北京东方普罗旺斯薰衣草庄园,风景名胜,风景名胜,风景名胜,116.619549,40.339504
欧尚超市(金四季店),购物服务,超级市场,超市,116.2710395,39.94363227
串来串去(中关村店),餐饮服务,中餐厅,特色/地方风味餐厅|餐饮服务;中餐厅;火锅店,116.318353,39.972900
翠明湖,风景名胜,风景名胜,风景名胜,116.339001,40.132982
楠书房,风景名胜,风景名胜,风景名胜,116.389256,39.941472
姚记炒肝店(鼓楼店),餐饮服务,中餐厅,北京菜,116.396771,39.940915
北京福海家园餐厅,餐饮服务,中餐厅,综合酒楼,116.661732,40.292379
无名居(西直门总店),餐饮服务,中餐厅,综合酒楼,116.342015,39.946599
天主教北京总教区西什库天主堂北堂,风景名胜,风景名胜,教堂,116.378292,39.925349
铃木食堂(帽儿胡同店)(暂停营业),餐饮服务,外国餐厅,日本料理,116.402072,39.936255
大王庙,风景名胜,风景名胜,寺庙道观,116.265364,39.799100
十三陵-德陵,风景名胜,风景名胜,世界遗产,116.264719,40.28943
老君堂公园,风景名胜,公园广场,公园,116.519094,39.831506
局气(前门店),餐饮服务,餐饮相关场所,餐饮相关,116.396993,39.897931
西门金街,购物服务,特色商业街,特色商业街,116.638306,39.904622
金百万(运河店),餐饮服务,中餐厅,综合酒楼,116.680149,39.900351
三样菜(工体店),餐饮服务,中餐厅,四川菜(川菜),116.446483,39.932278
小楼饭店(清真店),餐饮服务,中餐厅,清真菜馆|餐饮服务;中餐厅;综合酒楼,116.668984,39.907528
甘泉,风景名胜,公园广场,公园,116.329939,39.925327
当代商城(鼎城店),购物服务,商场,购物中心,116.196019,39.925638
北京台湾街,购物服务,特色商业街,特色商业街,116.236352,39.904387
唐宫海鲜舫(西藏大厦店),餐饮服务,中餐厅,海鲜酒楼,116.413920,39.987875
圣熙8号购物中心,购物服务,商场,购物中心,116.353909,40.008648
杨记兴·臭鳜鱼(方庄店),餐饮服务,中餐厅,安徽菜(徽菜),116.422147,39.866989
采风广场,风景名胜,公园广场,城市广场,116.697848,40.131331
虎峪自然风景区,风景名胜,风景名胜,风景名胜,116.106782,40.325195
第六季自助餐厅(西三环北路店),餐饮服务,中餐厅,中餐厅,116.308996,39.953217
石景山古城公园,风景名胜,公园广场,公园,116.193239,39.911757
蓝蛙(中关村店),餐饮服务,中餐厅,中餐厅,116.313968,39.979982
苏荷时代商业广场,购物服务,商场,普通商场,116.644454,39.891591
北海公园-团城,风景名胜,风景名胜,风景名胜,116.389132,39.922962
稻道鲜御园酒家,餐饮服务,中餐厅,广东菜(粤菜),116.401213,39.986716
果多美(永定路店),购物服务,综合市场,果品市场,116.264343,39.917816
煲煲好(朝阳门店),餐饮服务,中餐厅,广东菜(粤菜),116.435148,39.928120
超级物种(鲁谷店),购物服务,购物相关场所,购物相关场所,116.232157,39.894059
天兰优品(古城南路店),购物服务,商场,普通商场,116.190475,39.911405
京燕食府,餐饮服务,中餐厅,中餐厅,116.203882,39.907998
天兰优品(古城南路店),购物服务,商场,普通商场,116.190475,39.911405
京燕食府,餐饮服务,中餐厅,中餐厅,116.203882,39.907998
金鼎轩(方庄店),餐饮服务,中餐厅,综合酒楼,116.431873,39.865649
妫河森林公园,风景名胜,公园广场,公园,115.905045,40.442594
宏源南门涮肉(天坛店),餐饮服务,中餐厅,火锅店,116.413541,39.873864
晋江会馆,风景名胜,风景名胜,风景名胜,116.380637,39.893758
易事达广场,购物服务,商场,购物中心,116.421519,40.042546
颐堤港,购物服务,商场,购物中心,116.491306,39.969661
奥运文化广场,风景名胜,公园广场,城市广场,116.450675,39.957154
万春园,风景名胜,风景名胜,风景名胜,116.313392,40.000519
梧桐小院,餐饮服务,休闲餐饮场所,休闲餐饮场所,116.349542,39.919744
雾灵山国家森林公园,风景名胜,风景名胜,国家级景点,117.431478,40.630397
秋栗香(地安门店),购物服务,综合市场,农副产品市场,116.396062,39.933194
二郎庙,风景名胜,风景名胜,寺庙道观,116.306976,39.845159
香河家具(阳光街),购物服务,家居建材市场,家具城,116.856742,40.367506
宏源南门涮肉(后海店),餐饮服务,中餐厅,火锅店,116.393880,39.938017
紫光园(昌平店),餐饮服务,中餐厅,清真菜馆,116.256093,40.210723
云柏鞋业(鼓楼西大街店),购物服务,服装鞋帽皮具店,服装鞋帽皮具店,116.846207,40.376967
徐悲鸿纪念馆(暂停营业),风景名胜,风景名胜,纪念馆,116.371498,39.945077
东风公园,风景名胜,公园广场,公园,116.516966,39.956645
东风公园,风景名胜,公园广场,公园,116.516966,39.956645
哇哇叫(东直门外大街),餐饮服务,中餐厅,中餐厅,116.445526,39.941477
猫小院(后海店),餐饮服务,外国餐厅,西餐厅(综合风味),116.392911,39.938317
福成自助烤肉(华冠天地城关店),餐饮服务,外国餐厅,韩国料理,115.983405,39.702074
国泰百货(通州店),购物服务,商场,普通商场,116.635017,39.906862
中国农工银行旧址,风景名胜,风景名胜,纪念馆,116.392441,39.901623
铃木食堂(杨梅竹店),餐饮服务,外国餐厅,日本料理,116.393610,39.895977
安妮意大利餐厅(国贸店),餐饮服务,外国餐厅,意式菜品餐厅,116.465110,39.906406
丰益花园,风景名胜,公园广场,公园,116.312665,39.861454
小吊梨汤(后沙峪店),餐饮服务,中餐厅,中餐厅,116.542972,40.099559
望湘园(永旺店),餐饮服务,中餐厅,湖南菜(湘菜),116.289391,40.096415
家乐福(双井店),购物服务,超级市场,家乐福,116.474223,39.894073
毛纺城市场,购物服务,服装鞋帽皮具店,服装鞋帽皮具店,116.335814,40.036166
唐古拉山食府,餐饮服务,中餐厅,四川菜(川菜),116.269614,39.908211
兆佳眼镜城,购物服务,专卖店,眼镜店,116.460609,39.879253
大中电器(顺义店),购物服务,家电电子卖场,大中,116.651898,40.126281
资和信百货,购物服务,商场,普通商场,116.285008,39.837893
北京顺鑫绿色度假村,风景名胜,风景名胜相关,旅游景点,116.739102,40.083182
次渠饭店,餐饮服务,中餐厅,综合酒楼,116.570072,39.803884
古塔公园十方诸佛宝塔,风景名胜,风景名胜,风景名胜,116.536521,39.876376
古塔公园十方诸佛宝塔,风景名胜,风景名胜,风景名胜,116.536521,39.876376
斯普瑞斯奥特莱斯,购物服务,商场,购物中心,116.596363,40.011842
果多美(花园路店),购物服务,综合市场,果品市场,116.365484,39.982040
云龙涧自然风景区-大云峰禅寺,风景名胜,风景名胜,寺庙道观,116.779497,40.486767
嘉和一品(天通苑店),餐饮服务,中餐厅,中餐厅,116.412846,40.074998
三友商场,购物服务,商场,普通商场,116.417038,39.922902
天府之国(西苑路),餐饮服务,中餐厅,中餐厅,116.398105,40.179386
渝信川菜(西单赛特店),餐饮服务,中餐厅,四川菜(川菜),116.373285,39.913049
天坛公园-祈年殿东配殿,风景名胜,风景名胜,国家级景点,116.413575,39.883022
韩村河公园,风景名胜,公园广场,公园广场,115.955120,39.597157
北京市天坛公园管理处,风景名胜,公园广场,公园广场,116.418200,39.878519
安妮意大利餐厅(三里屯店),餐饮服务,外国餐厅,意式菜品餐厅,116.450686,39.932386
永顺炸鸡店(永顺直营总店),餐饮服务,餐饮相关场所,餐饮相关,116.656278,39.914410
吕家营餐饮街,购物服务,特色商业街,特色商业街,116.468672,39.842092
莲花山森林公园,风景名胜,风景名胜,风景名胜,116.282696,40.438556
火炉火(北京apm),餐饮服务,外国餐厅,韩国料理,116.412250,39.915169
九十九顶毡房烤全羊(清河店),餐饮服务,中餐厅,特色/地方风味餐厅,116.367959,40.040508
金簋小山城(簋街二店),餐饮服务,中餐厅,特色/地方风味餐厅|餐饮服务;中餐厅;火锅店,116.423476,39.941292
蟹老宋香锅(西坝河店),餐饮服务,中餐厅,火锅店,116.435555,39.969130
盒马鲜生(十里堡店),购物服务,超级市场,超市,116.504876,39.915318
国泰百货(平谷店),购物服务,商场,普通商场,117.111082,40.14075
嘉和一品粥(中关村店),餐饮服务,中餐厅,特色/地方风味餐厅,116.307096,39.982228
优衣库(大悦城西单店),购物服务,服装鞋帽皮具店,品牌服装店,116.373112,39.911312
金台夕照,风景名胜,风景名胜,风景名胜,116.459796,39.915448
猜火车餐厅,餐饮服务,中餐厅,云贵菜,116.411901,39.943706
涵虚堂,风景名胜,风景名胜,世界遗产,116.281810,40.000668
晋阳饭庄(虎坊桥店),餐饮服务,中餐厅,中餐厅,116.387427,39.889957
TRB Hutong,餐饮服务,外国餐厅,法式菜品餐厅,116.403562,39.927573
新悦百货,购物服务,商场,普通商场,116.629223,40.314025
北京国际玩具城A区,购物服务,商场,普通商场,116.410327,39.857700
龙庆峡(复兴商业城店),购物服务,服装鞋帽皮具店,品牌服装店,116.347869,39.906780
Apple 王府井,购物服务,家电电子卖场,数码电子,116.411697,39.915173
必胜客(工体北路店),餐饮服务,快餐厅,必胜客,116.444221,39.934251
大董(金宝汇购物中心),餐饮服务,中餐厅,特色/地方风味餐厅,116.420970,39.915119
内联升鞋店(大栅栏总店),购物服务,服装鞋帽皮具店,品牌鞋店,116.395328,39.895747
中庭广场,风景名胜,公园广场,城市广场,116.483845,39.990028
一品香山,餐饮服务,中餐厅,广东菜(粤菜),116.232542,39.985900
华联商厦(安贞店)(装修中),购物服务,商场,购物中心,116.40117,39.970603
江边城外烤鱼(方庄店),餐饮服务,中餐厅,特色/地方风味餐厅,116.430285,39.863751
段祺瑞执政府旧址,风景名胜,风景名胜,风景名胜,116.415086,39.93411
段祺瑞执政府旧址,风景名胜,风景名胜,风景名胜,116.415086,39.93411
嘉和一品(嘉诚店),餐饮服务,中餐厅,特色/地方风味餐厅,116.293335,39.856876
菜百首饰(西单店),购物服务,专卖店,珠宝首饰工艺品,116.373237,39.911791
小米之家(荟聚中心店),购物服务,家电电子卖场,数码电子,116.326502,39.786924
北京中华民族博物院北园,风景名胜,风景名胜,国家级景点,116.391384,39.98287
萨莉亚意式餐厅(崇文宝鼎店),餐饮服务,外国餐厅,意式菜品餐厅,116.413802,39.899530
新旧家具市场,购物服务,家居建材市场,家居建材市场,116.456161,39.813365
菜市口百货(菜百店),购物服务,商场,普通商场,116.359359,39.888887
北京基督教丰台堂,风景名胜,风景名胜,教堂,116.347961,39.837398
祥和园,风景名胜,公园广场,公园,116.382129,39.862204
必胜客(惠新东桥店),餐饮服务,快餐厅,必胜客,116.423421,39.989478
那家小馆(大兴店),餐饮服务,中餐厅,中餐厅,116.344092,39.765335
工美大厦(东单三条),购物服务,商场,购物中心,116.411874,39.910868
新世纪服装大厦,购物服务,商场,商场,116.399481,39.850656
孙中山先生行馆,风景名胜,风景名胜,风景名胜,116.411019,39.933624
站点比萨(新世界百货崇文店青春馆),餐饮服务,外国餐厅,意式菜品餐厅,116.417879,39.896565
汤城小厨(北京银泰中心in01),餐饮服务,中餐厅,中餐厅,116.459614,39.907241
必胜客(东直门店),餐饮服务,快餐厅,必胜客,116.445221,39.941524
花马天堂云南餐厅(前门东大街),餐饮服务,中餐厅,云贵菜,116.402060,39.901861
荷花市场,购物服务,综合市场,综合市场,116.3913,39.934772
局气(西单店),餐饮服务,中餐厅,北京菜,116.380193,39.912429
静莲斋素食餐厅(北京西直门店),餐饮服务,中餐厅,中式素菜馆,116.340646,39.948636
火凤凰重庆火锅(东直门店),餐饮服务,中餐厅,火锅店,116.426812,39.941368
映日荷花,餐饮服务,中餐厅,中餐厅,116.460364,39.996464
日昌餐馆(德胜门店),餐饮服务,快餐厅,茶餐厅,116.381502,39.951597
中华万丰小吃,餐饮服务,中餐厅,综合酒楼,116.293783,39.871305
宝瑞通典当行(西坝河店),购物服务,特殊买卖场所,典当行,116.433102,39.969960
漫咖啡(万柳店),餐饮服务,咖啡厅,咖啡厅,116.297804,39.968558
文宇奶酪店(南锣鼓巷店),餐饮服务,甜品店,甜品店,116.403112,39.938691
北京燕莎奥特莱斯购物中心A座,购物服务,商场,购物中心,116.488038,39.876818
麦当劳(顺平路餐厅),餐饮服务,快餐厅,快餐厅,117.094876,40.146493
嘉和一品(三里河店),餐饮服务,中餐厅,特色/地方风味餐厅,116.339391,39.914186
高米店公园,风景名胜,公园广场,公园,116.341139,39.765632
紫金观(装修中),风景名胜,风景名胜,寺庙道观,116.312908,39.945053
昌盛鸟,餐饮服务,中餐厅,综合酒楼|餐饮服务;中餐厅;四川菜(川菜),116.220478,40.221741
果多美(左家庄店),购物服务,综合市场,果品市场,116.439948,39.957460
西贝莜面村(亚运村店),餐饮服务,中餐厅,西北菜,116.412395,39.999015
方家胡同,风景名胜,风景名胜,风景名胜,116.412138,39.944188
果多美(甜水园店),购物服务,综合市场,果品市场,116.477898,39.927516
必胜客(亚运村店),餐饮服务,快餐厅,必胜客,116.408080,39.993787
火烧云(鼓楼店),餐饮服务,中餐厅,云贵菜,116.394237,39.941954
稻香湖温泉馆玛雅岛,风景名胜,风景名胜,风景名胜,116.184481,40.093644
树村清真寺,风景名胜,风景名胜,回教寺,116.302684,40.020764
国美电器(西坝河店),购物服务,家电电子卖场,国美,116.439930,39.968866
今世缘老北京炸酱面(天坛北门店),餐饮服务,中餐厅,北京菜,116.412815,39.888758
北京动物园-北京海洋馆-风情海滩,风景名胜,公园广场,动物园,116.340428,39.944088
北京云蒙山国家森林公园,风景名胜,风景名胜,省级景点,116.818779,40.548184
新业广场,购物服务,商场,购物中心,116.447084,39.857385
立水桥海鲜大卖场,购物服务,综合市场,水产海鲜市场,116.409775,40.047299
嘉和一品粥(宋家庄店),餐饮服务,中餐厅,特色/地方风味餐厅,116.430888,39.845376
潇湘府(上地店),餐饮服务,中餐厅,湖南菜(湘菜),116.301901,40.043847
绿茵溪谷农家餐厅,餐饮服务,中餐厅,北京菜,116.514506,40.610570
星期五餐厅(凯迪克店),餐饮服务,外国餐厅,美式风味,116.400513,39.992636
安妮意大利餐厅(望京店),餐饮服务,外国餐厅,意式菜品餐厅,116.481931,39.993752
瑞丰鼎,餐饮服务,中餐厅,湖南菜(湘菜),116.279836,39.868611
潇湘府(望京店),餐饮服务,中餐厅,湖南菜(湘菜),116.459417,40.011640
第六季自助餐厅(北太平庄店),餐饮服务,中餐厅,综合酒楼,116.369646,39.971808
清华大学绿园,风景名胜,公园广场,公园,116.317979,40.000721
西海子公园,风景名胜,公园广场,公园,116.662914,39.912298
永安电脑城,购物服务,家电电子卖场,数码电子,116.234438,40.212071
国美电器(北京北太店),购物服务,家电电子卖场,国美,116.363907,39.967129
北京金融街中心广场,风景名胜,公园广场,城市广场,116.361832,39.916444
九龙口,风景名胜,风景名胜,风景名胜,116.343441,39.805935
凤凰汇购物中心,购物服务,商场,购物中心,116.45699,39.962914
中华圣公会救主教堂旧址,风景名胜,风景名胜,风景名胜,116.368330,39.902161
北平花园(天安门店),餐饮服务,外国餐厅,外国餐厅,116.395782,39.898075
清真寺,风景名胜,风景名胜,回教寺,116.438066,39.455334
必胜客(甜水园店),餐饮服务,快餐厅,必胜客,116.477774,39.926481
美味斋,餐饮服务,中餐厅,上海菜,116.368714,39.889678
万隆汇洋灯饰时代广场,购物服务,家居建材市场,灯具瓷器市场,116.280903,39.874777
95号酱骨一块豆腐,餐饮服务,中餐厅,东北菜,116.340176,39.988352
全家(北京西站),购物服务,便民商店/便利店,便民商店/便利店,116.321058,39.896707
西三旗生态园,风景名胜,公园广场,公园,116.33959,40.047917
同仁验光配镜(中心店),购物服务,专卖店,眼镜店,116.417992,39.903125
韭园酱菜,餐饮服务,中餐厅,中餐厅,116.026273,39.970703
门头沟幸福广场,风景名胜,公园广场,城市广场,116.107779,39.892346
神堂峪栈道,风景名胜,风景名胜相关,旅游景点,116.646320,40.412573
阳光码头,餐饮服务,餐饮相关场所,餐饮相关,116.798168,39.799497
永旺国际商城购物中心美食广场,餐饮服务,快餐厅,快餐厅,116.290047,40.095972
眉州小吃(大屯店),餐饮服务,中餐厅,中餐厅,116.416030,40.007080
文化广场,风景名胜,风景名胜相关,旅游景点,116.577499,40.060424
天坛公园-七星石,风景名胜,风景名胜,风景名胜,116.416109,39.883051
北海公园-小西天,风景名胜,风景名胜,风景名胜,116.384920,39.930065
华润万家(金融街购物中心1期),购物服务,超级市场,华润,116.361455,39.915424
安妮意大利餐厅(阳光100店),餐饮服务,外国餐厅,意式菜品餐厅,116.476708,39.913831
唐宫海鲜舫(民族店),餐饮服务,中餐厅,海鲜酒楼,116.366932,39.908000
鸽子张(总店),餐饮服务,中餐厅,中餐厅,116.173713,39.773790
聚德华天峨嵋酒家(总店),餐饮服务,中餐厅,四川菜(川菜),116.353602,39.930931
新悦国际酒店,住宿服务,宾馆酒店,宾馆酒店|餐饮服务;中餐厅;综合酒楼,116.609877,40.043977
文丞相祠,风景名胜,风景名胜,风景名胜,116.410206,39.935884
荣宝斋(琉璃厂西街店),购物服务,专卖店,古玩字画店,116.384108,39.895407
ZARA(华宇时尚购物中心),购物服务,服装鞋帽皮具店,品牌服装店,116.323377,39.965108
嘉和一品(回龙观店),餐饮服务,中餐厅,特色/地方风味餐厅,116.319102,40.074289
全民畅读书店(特钢店),购物服务,专卖店,书店,116.183637,39.922543
清真寺(北门),风景名胜,风景名胜,回教寺,116.403059,39.865331
郭林家常菜(五道口店),餐饮服务,中餐厅,综合酒楼,116.339819,39.996531
粥立方(东四十条店),餐饮服务,中餐厅,中餐厅,116.431540,39.934986
嘉和一品粥(广渠门店),餐饮服务,中餐厅,特色/地方风味餐厅,116.434723,39.893994
九头鸟酒家(安乐林路店),餐饮服务,中餐厅,湖北菜(鄂菜),116.404782,39.865413
同顺斋食府,餐饮服务,中餐厅,清真菜馆,116.065245,39.636021
新世纪商城(朝宗桥商场),购物服务,商场,商场,116.267934,40.126834
北店时代广场B座,购物服务,商场,购物中心,116.334876,40.079994
太熟悉家常菜(蓝岛店),餐饮服务,中餐厅,中餐厅,116.446269,39.922130
东北锅台鱼,餐饮服务,中餐厅,东北菜,116.457398,40.200195
李家大院食府(张仪村路),餐饮服务,中餐厅,中餐厅,116.232384,39.872681
江苏大厦淮扬餐厅,餐饮服务,中餐厅,江苏菜,116.410038,39.957255
九头鹰酒家(知春店),餐饮服务,中餐厅,湖北菜(鄂菜),116.313937,39.975654
郭林家常菜(酒仙桥店),餐饮服务,中餐厅,综合酒楼,116.490164,39.965971
老土地(方庄店),餐饮服务,中餐厅,东北菜,116.431018,39.862451
果多美(双井店),购物服务,综合市场,果品市场,116.466774,39.893122
郭林家常菜(牡丹园店),餐饮服务,中餐厅,综合酒楼,116.369474,39.978134
京味斋烤鸭店(劲松店),餐饮服务,中餐厅,北京菜,116.459783,39.881828
莲花寺,风景名胜,风景名胜,寺庙道观,116.370975,39.88728
北京硅谷电脑城,购物服务,商场,商场,116.304443,39.987225
沸腾鱼乡(知春路分店),餐饮服务,中餐厅,四川菜(川菜),116.346100,39.976700
安妮意大利餐厅(光华国际店),餐饮服务,外国餐厅,意式菜品餐厅,116.454486,39.915955
紫霄宫,风景名胜,风景名胜,风景名胜,116.986249,40.267872
万龙洲海鲜(阜外店),餐饮服务,中餐厅,海鲜酒楼,116.346774,39.922960
太熟悉家常菜(新源里店),餐饮服务,中餐厅,北京菜,116.455640,39.953054
苏宁易购(苏荷时代店),购物服务,家电电子卖场,苏宁,116.645846,39.891869
巴依老爷特色烤馕(昌平店),餐饮服务,中餐厅,清真菜馆,116.230834,40.212258
陈记卤煮小肠(美食汇店),餐饮服务,中餐厅,特色/地方风味餐厅,116.395345,39.896926
国粹苑艺术品交易中心,购物服务,专卖店,古玩字画店,116.508085,39.902991
Pakpak喜悦泰(望京店),餐饮服务,外国餐厅,泰国/越南菜品餐厅,116.481761,39.993760
安妮意大利餐厅(香江花园店),餐饮服务,外国餐厅,意式菜品餐厅,116.511153,40.024359
清真寺,风景名胜,风景名胜,回教寺,116.510234,39.583534
万记麻辣烫(国展总店),餐饮服务,中餐厅,特色/地方风味餐厅,116.448693,39.965373
旺顺阁鱼头泡饼(奥体东门店),餐饮服务,中餐厅,中餐厅,116.409115,39.982988
华贸广场,购物服务,购物相关场所,购物相关场所,116.48004,39.910018
北七家建材批发市场,购物服务,家居建材市场,家具建材综合市场,116.415245,40.1207
永旺超市(永旺国际商城店),购物服务,超级市场,超市,116.291034,40.095671
两湖轩酒楼(北辰东路),餐饮服务,中餐厅,湖北菜(鄂菜),116.401442,39.995611
麻辣香锅(工美大厦王府井店),餐饮服务,中餐厅,特色/地方风味餐厅,116.412093,39.910874
龙潭公园-袁督师庙,风景名胜,风景名胜,寺庙道观,116.437223,39.880349
一勺池,风景名胜,风景名胜,风景名胜,116.310875,39.970373
大洋路海鲜批发市场,购物服务,综合市场,水产海鲜市场,116.477825,39.854335
玉兰苑,风景名胜,公园广场,公园,116.441896,39.856456
北京大学鸣鹤园,风景名胜,公园广场,公园,116.305312,39.9953
沃尔玛(北京昌平东关店),购物服务,超级市场,沃尔玛,116.265157,40.222174
家乐福(马连道店),购物服务,超级市场,家乐福,116.32573,39.882259
汉丽轩(马驹桥店),餐饮服务,外国餐厅,韩国料理,116.545624,39.759405
圆广寺,风景名胜,风景名胜,寺庙道观,116.349098,39.922242
青年公社(良乡店),餐饮服务,中餐厅,中餐厅,116.136429,39.736285
新发地果品批发市场,购物服务,综合市场,果品市场,116.339417,39.803607
嘉和一品粥(马家堡店),餐饮服务,中餐厅,特色/地方风味餐厅,116.386921,39.842518
东湖公园,风景名胜,公园广场,公园,115.992116,40.456216
北京非常泰,餐饮服务,外国餐厅,泰国/越南菜品餐厅,116.447304,39.947659
祖母的厨房(石雀胡同店),餐饮服务,外国餐厅,美式风味,116.417882,39.939985
晓林火锅(东直门二店),餐饮服务,中餐厅,火锅店,116.418897,39.940792
齐白石故居(辟才胡同)(暂停营业),风景名胜,风景名胜,纪念馆,116.364173,39.914651
逐鹿茶楼(学院路店),餐饮服务,茶艺馆,茶艺馆,116.353745,40.000518
物美便利超市,购物服务,便民商店/便利店,便民商店/便利店,116.160100,39.809134
功德林(前门店),餐饮服务,中餐厅,中式素菜馆,116.411692,39.900418
北京日出东方凯宾斯基酒店大堂吧,餐饮服务,咖啡厅,咖啡厅,116.677879,40.387681
莱蒎黑胶唱片,购物服务,专卖店,音像店,116.493664,39.982799
聚福园(北辰西路),餐饮服务,中餐厅,中餐厅,116.386530,39.993767
亮马国际珠宝古玩城,购物服务,专卖店,珠宝首饰工艺品,116.476931,39.955248
嘉和一品(国展店),餐饮服务,中餐厅,特色/地方风味餐厅,116.438393,39.959924
Berry Beans Coffee Lounge,餐饮服务,咖啡厅,咖啡厅,116.392369,39.894444
丝路驿站,餐饮服务,中餐厅,清真菜馆,116.478740,39.975109
七孔桥,风景名胜,风景名胜,风景名胜|地名地址信息;交通地名;桥,116.240066,40.27627
花香袭人鲜花(月坛南街),购物服务,花鸟鱼虫市场,花卉市场,116.346651,39.914177
久隆百货,购物服务,商场,普通商场,116.494907,39.961621
嘉和一品(青年路店),餐饮服务,中餐厅,中餐厅,116.521090,39.924164
碓臼峪自然风景区,风景名胜,风景名胜,风景名胜,116.206338,40.365176
晋阳饭庄(白广路店),餐饮服务,中餐厅,综合酒楼,116.359344,39.883565
新疆风味兰州拉面涮羊肉,餐饮服务,中餐厅,清真菜馆,116.362766,39.866483
大公主府,风景名胜,风景名胜,风景名胜,116.839543,40.380771
阿里山广场,风景名胜,公园广场,公园广场,116.399549,39.895200
儒宴孔府菜(亦庄天宝北街店),餐饮服务,中餐厅,火锅店,116.488635,39.796893
外婆家(蓝色港湾国际商区),餐饮服务,中餐厅,浙江菜,116.474807,39.949253
铁木真自助(昌平府学路店),餐饮服务,中餐厅,清真菜馆,116.253530,40.220988
护国寺小吃(装修中),餐饮服务,快餐厅,快餐厅,116.338997,39.941854
新世界百货(望京店),购物服务,商场,购物中心,116.480578,39.986539
金陵遗址,风景名胜,风景名胜,风景名胜,115.920711,39.753604
社会主义好农村食堂,餐饮服务,中餐厅,中餐厅,116.690690,40.390952
铃木食堂(小菊儿胡同店),餐饮服务,外国餐厅,日本料理,116.403679,39.940127
福顺居(刘家窑总店),餐饮服务,中餐厅,北京菜,116.414666,39.862182
日坛国际贸易中心,购物服务,商场,购物中心,116.442286,39.91928
格力(大马环岛旗舰店),购物服务,家电电子卖场,家电电子卖场,117.124946,40.142520
桂村文化广场,风景名胜,公园广场,城市广场,116.376304,39.699335
漫春园,风景名胜,公园广场,公园,116.657587,39.891283
谐趣园,风景名胜,公园广场,公园,116.446683,39.946465
正月十五东北农家院(宋家庄店),餐饮服务,中餐厅,东北菜,116.434832,39.846076
方仕通科技广场,购物服务,家电电子卖场,数码电子,116.401766,39.855124
鹤一烤肉(中关村店),餐饮服务,外国餐厅,日本料理,116.302192,39.989194
江边诱惑巫山烤鱼(天通苑店),餐饮服务,中餐厅,特色/地方风味餐厅,116.417368,40.063265
旺顺阁鱼头泡饼(大望路店),餐饮服务,中餐厅,中餐厅,116.477394,39.906540
松子(世纪城店),餐饮服务,外国餐厅,日本料理,116.278249,39.961115
滨湖公园(滨湖中街),风景名胜,公园广场,公园,116.636639,40.32743
集美家居(北京大红门店),购物服务,家居建材市场,家具城,116.391481,39.833693
北京apm,购物服务,商场,普通商场,116.4119016,39.91489746
定陵地下宫殿(出口),风景名胜,风景名胜,世界遗产,116.221908,40.296454
古北水镇烧肉馆,餐饮服务,餐饮相关场所,餐饮相关,117.278312,40.653915
食宝街,购物服务,特色商业街,步行街,116.313804,39.980059
猪掌柜韩国烤肉(鼓楼南街店),餐饮服务,外国餐厅,韩国料理,116.232494,40.222417
萨莉亚意式餐厅(西单店),餐饮服务,外国餐厅,意式菜品餐厅,116.374711,39.911147
华光商厦,购物服务,商场,购物中心,116.30197,39.924452
家乐福(健翔桥店),购物服务,超级市场,家乐福,116.381163,39.980359
十里堡鲜超市,风景名胜,公园广场,城市广场|购物服务;超级市场;超市,116.502296,39.915052
甲乙丙丁港式茶餐厅(甲乙丙丁南法信店),餐饮服务,快餐厅,茶餐厅,116.608675,40.114436
北京基督教会门头沟堂,风景名胜,风景名胜,教堂,116.088899,39.942907
老北京家常菜(安定门店),餐饮服务,中餐厅,中餐厅,116.408627,39.945225
金翠湖自助烧烤农庄,餐饮服务,餐饮相关场所,餐饮相关,116.089767,39.673217
郭林家常菜(团结湖店),餐饮服务,中餐厅,综合酒楼,116.467241,39.923799
川办餐厅,餐饮服务,中餐厅,四川菜(川菜),116.431744,39.911757
四川仁火锅(新兴桥店),餐饮服务,中餐厅,火锅店,116.310812,39.910181
家乐福(国展店),购物服务,超级市场,家乐福,116.443996,39.960869
绿茶餐厅(凯德晶品店),餐饮服务,快餐厅,茶餐厅,116.296559,39.908392
稻香村(通州店),餐饮服务,糕饼店,糕饼店,116.662283,39.904749
地坛公园-地坛牌楼,风景名胜,风景名胜,风景名胜,116.408573,39.953250
大型超市(廊坊二条店),购物服务,便民商店/便利店,便民商店/便利店,116.396611,39.897049
嘉和一品粥(政府街店),餐饮服务,中餐厅,特色/地方风味餐厅,116.239513,40.220464
野山坡,餐饮服务,餐饮相关场所,餐饮相关,116.265891,40.249642
八达岭长城-上山滑车,风景名胜,风景名胜相关,旅游景点,116.020862,40.356635
八达岭长城-好汉碑,风景名胜,风景名胜,风景名胜,116.012571,40.355085
颐和园-文昌院,风景名胜,风景名胜,世界遗产,116.280818,39.997072
北京动物园-北京海洋馆,风景名胜,公园广场,水族馆,116.340948,39.944665
天安门广场-人民英雄纪念碑,风景名胜,风景名胜,纪念馆,116.397679,39.904618
天安门广场-正阳门,风景名胜,风景名胜,风景名胜,116.397850,39.900536
